insert into measurement_units(id, measurement_units_name)
values (1,'м3'),
       (2,'м2'),
       (3,'м'),
       (4,'шт');
insert into materials(id, material_type, name, structural_element_type)
values (1,'Пиломатериал','Доска','Каркас'),
       (2,'OSB','OSB','Каркас'),
       (3,'Утеплитель','Утеплитель','Каркас'),
       (4,'Пароизоляция','Пароизоляция','Каркас'),
       (5,'Ветрозащита','Ветрозащита','Каркас'),
       (6,'Бетонные сваи','Бетонные сваи','Фундамент'),
       (7,'Марка Бетона','Бетон','Бетон','Фундамент'),
       (8,'Арматура','Арматура','Фундамент'),
       (9,'Опалубка','Опалубка','Фундамент');



insert into material_characteristics (id, length, name, thickness, volume, width, measurement_unit_id, mаterials_id)
values (1,3000,'Доска 50*100*3000',50,0.015,100,1,1),
       (2,3000,'Доска 50*150*3000',50,0.0225,150,1,1),
       (3,3000,'Доска 50*200*3000',50,0.03,200,1,1),
       (4,3000,'Доска 50*250*3000',50,0.0375,250,1,1),
       (5,3000,'Доска 50*300*3000',50,0.045,300,1,1),
       (6,6000,'Доска 50*100*3000',50,0.03,100,1,1),
       (7,6000,'Доска 50*150*3000',50,0.45,150,1,1),
       (8,6000,'Доска 50*200*6000',50,0.06,200,1,1),
       (9,6000,'Доска 50*250*3000',50,0.075,250,1,1),
       (10,6000,'Доска 50*300*3000',50,0.09,300,1,1),
       (11,null,'OSB 9 мм',9,null,null,2,2),
       (12,null,'OSB 10 мм',10,null,null,2,2),
       (13,null,'OSB 15 мм',15,null,null,2,2),
       (14,null,'OSB 18 мм',18,null,null,2,2),
       (15,null,'Кнауф ТеплоКнауф 100 мм',100,null,null,1,3),
       (16,null,'Технониколь 100 мм',100,null,null,1,3),
       (17,null,'Эковер 100 мм',100,null,null,1,3),
       (18,null,'Эковер 150 мм',150,null,null,1,3),
       (19,null,'Эковер 200 мм',200,null,null,1,3),
       (20,null,'Фасад 200 мм',200,null,null,1,3),
       (21,null,'Эковер 250 мм',250,null,null,1,3),
       (22,null,'Ондутис',null,null,null,2,4),
       (23,null,'Пароизоляция Axton (b)',null,null,null,2,4),
       (24,null,'Пароизоляционная пленка Ютафол Н 96 Сильвер',null,null,null,2,4),
       (25,null,'Пароизоляция В',null,null,null,2,4),
       (26,null,'Ветро-влагозащитная мембрана Brane А',null,null,null,2,5),
       (27,null,'Паропроницаемая ветро-влагозащита A Optima',null,null,null,2,5),
       (28,null,'Гидро-ветрозащита Тип А',null,null,null,2,5),
       (29,3000,'Доска 30*100*3000',30,0.009,100,1,1),
       (30,3000,'Брус 50*50*3000',50,0.0075,50,1,9),
       (31,3000,'Бетонные сваи 150*150*3000',150,0.0675,150,4,6),
       (32,3000,'Бетонные сваи 200*200*3000',200,0.12,200,4,6),
       (33,3000,'Бетонные сваи 300*300*3000',300,0.27,300,4,6),
       (34,4000,'Бетонные сваи 300*300*4000',300,0.36,300,4,6),
       (35,5000,'Бетонные сваи 300*300*5000',300,0.45,300,4,6),
       (36,null,'М150(В10)',null,null,null,1,7),
       (37,null,'М200(В15)',null,null,null,1,7),
       (38,null,'М250(В20)',null,null,null,1,7),
       (39,null,'М300(В22.5)',null,null,null,1,7),
       (40,null,'М350(В25)',null,null,null,1,7),
       (41,null,'М400(В30)',null,null,null,1,7),
       (42,null,'М450(В35)',null,null,null,1,7),
       (43,null,'М500(В40)',null,null,null,1,7),
       (44,null,'М550(В45)',null,null,null,1,7),
       (45,null,'М600(В50)',null,null,null,1,7),
       (46,null,'М700(В55)',null,null,null,1,7),
       (47,null,'М800(В65)',null,null,null,1,7),
       (48,null,'Арматура 8 мм',8,null,null,3,8),
       (49,null,'Арматура 14 мм',14,null,null,3,8);

insert into price_lists(id, date, purchase_price, selling_price, material_characteristics_id)
values (1,null,12000,null,1),
       (2,null,12000,null,2),
       (3,null,12000,null,3),
       (4,null,12000,null,4),
       (5,null,12000,null,5),
       (6,null,12000,null,6),
       (7,null,12000,null,7),
       (8,null,12000,null,8),
       (9,null,12000,null,9),
       (10,null,12000,null,10),
       (11,null,256,null,11),
       (12,null,288,null,12),
       (13,null,384,null,13),
       (14,null,480,null,14),
       (15,null,3000,null,15),
       (16,null,3500,null,16),
       (17,null,2800,null,17),
       (18,null,2800,null,18),
       (19,null,2800,null,19),
       (20,null,3200,null,20),
       (21,null,2800,null,21),
       (22,null,33,null,22),
       (23,null,20,null,23),
       (24,null,21,null,24),
       (25,null,11,null,25),
       (26,null,57,null,26),
       (27,null,21,null,27),
       (28,null,53,null,28),
       (29,null,7800,null,29),
       (30,null,9100,null,30),
       (31,null,1500,null,31),
       (32,null,1900,null,32),
       (33,null,3383,null,33),
       (34,null,4346,null,34),
       (35,null,4953,null,35),
       (36,null,2760,null,36),
       (37,null,2910,null,37),
       (38,null,3100,null,38),
       (39,null,3160,null,39),
       (40,null,3260,null,40),
       (41,null,3460,null,41),
       (42,null,3680,null,42),
       (43,null,3760,null,43),
       (44,null,4135,null,44),
       (45,null,4335,null,45),
       (46,null,4680,null,46),
       (47,null,4620,null,47),
       (48,null,23,null,48),
       (49,null,69,null,49);


